{
  "todos": {
    "Coordinator": {
      "1": {
        "id": "1",
        "content": "准备Python开发环境和基础框架",
        "details": "1. 读取并分析用户提供的FastMCP代码 2. 创建Python项目目录结构 3. 安装Python依赖包（fastapi, gradio, pandas, numpy等） 4. 准备测试数据",
        "status": "completed",
        "priority": "high"
      },
      "2": {
        "id": "2",
        "content": "实现核心智能体系统",
        "details": "1. 完善BaseAgent基类 2. 实现IntentUnderstandingAgent 3. 实现TaskDecompositionAgent 4. 实现DataProcessingAgent 5. 实现VisualizationAgent 6. 实现SQLQueryAgent",
        "status": "completed",
        "priority": "high"
      },
      "3": {
        "id": "3",
        "content": "集成FastMCP引擎",
        "details": "1. 基于用户代码创建增强版FastMCP引擎 2. 实现智能积木配置生成 3. 添加异步处理支持 4. 实现缓存机制",
        "status": "completed",
        "priority": "high"
      },
      "4": {
        "id": "4",
        "content": "开发智能体协调器",
        "details": "1. 实现AgentCoordinator类 2. 创建WorkflowEngine 3. 实现任务调度机制 4. 添加错误处理和重试逻辑",
        "status": "completed",
        "priority": "medium"
      },
      "5": {
        "id": "5",
        "content": "创建FastAPI后端服务",
        "details": "1. 使用FastAPI创建REST API 2. 实现问答接口 3. 添加文件上传功能 4. 实现实时状态查询 5. 添加API文档",
        "status": "completed",
        "priority": "medium"
      },
      "6": {
        "id": "6",
        "content": "开发Gradio前端界面",
        "details": "1. 使用Gradio创建Web界面 2. 实现问答聊天界面 3. 添加数据文件上传组件 4. 实现图表展示组件 5. 添加历史记录功能 6. 集成matplotlib/plotly图表",
        "status": "completed",
        "priority": "medium"
      },
      "7": {
        "id": "7",
        "content": "系统集成和测试",
        "details": "1. 集成FastAPI和Gradio 2. 创建测试用例 3. 进行功能测试 4. 性能优化 5. 错误处理完善",
        "status": "completed",
        "priority": "low"
      },
      "8": {
        "id": "8",
        "content": "打包和部署",
        "details": "1. 创建requirements.txt 2. 编写部署文档 3. 创建Docker配置 4. 创建用户使用手册 5. 准备示例数据",
        "status": "completed",
        "priority": "low"
      }
    }
  }
}